"","PassengerId","Pclass","Sex","AgeRange","AgeRangeLabels","HasCabin","Companions","Embarked","Survived"
"2",325,"3","male","1","<16","FALSE",11,"S","0"
"4",126,"3","male","1","<16","FALSE",2,"C","1"
"5",283,"3","male","1","<16","FALSE",1,"S","0"
"6",96,"3","male","1","<16","FALSE",1,"S","0"
"7",148,"3","female","1","<16","FALSE",5,"S","0"
"8",66,"3","male","1","<16","FALSE",3,"C","1"
"9",187,"3","female","1","<16","FALSE",2,"Q","1"
"10",469,"3","male","1","<16","FALSE",1,"Q","0"
"11",446,"1","male","1","<16","TRUE",3,"S","1"
"12",120,"3","female","1","<16","FALSE",7,"S","0"
"14",369,"3","female","1","<16","FALSE",1,"Q","1"
"16",828,"2","male","1","<16","FALSE",3,"C","1"
"17",722,"3","male","1","<16","FALSE",1,"S","0"
"18",533,"3","male","1","<16","FALSE",1,"C","0"
"19",687,"3","male","1","<16","FALSE",7,"S","0"
"20",40,"3","female","1","<16","FALSE",2,"C","1"
"21",83,"3","female","1","<16","FALSE",1,"Q","1"
"23",164,"3","male","1","<16","FALSE",1,"S","0"
"24",79,"2","male","1","<16","FALSE",3,"S","1"
"25",782,"1","female","1","<16","TRUE",2,"S","1"
"26",365,"3","male","1","<16","FALSE",2,"Q","0"
"27",382,"3","female","1","<16","FALSE",3,"C","1"
"28",166,"3","male","1","<16","FALSE",3,"S","1"
"29",792,"2","male","1","<16","FALSE",2,"S","0"
"30",814,"3","female","1","<16","FALSE",7,"S","0"
"31",199,"3","female","1","<16","FALSE",1,"Q","1"
"32",375,"3","female","1","<16","FALSE",5,"S","0"
"33",619,"2","female","1","<16","TRUE",4,"S","1"
"34",645,"3","female","1","<16","FALSE",4,"C","1"
"35",390,"2","female","1","<16","FALSE",1,"C","1"
"39",60,"3","male","1","<16","FALSE",8,"S","0"
"40",234,"3","female","1","<16","FALSE",7,"S","1"
"41",262,"3","male","1","<16","FALSE",7,"S","1"
"43",25,"3","female","1","<16","FALSE",5,"S","0"
"44",185,"3","female","1","<16","FALSE",3,"S","1"
"45",267,"3","male","1","<16","FALSE",7,"S","0"
"47",160,"3","male","1","<16","FALSE",11,"S","0"
"48",847,"3","male","1","<16","FALSE",11,"S","0"
"50",447,"2","female","1","<16","FALSE",2,"S","1"
"51",490,"3","male","1","<16","FALSE",3,"S","1"
"53",854,"1","female","1","<16","TRUE",2,"S","1"
"54",46,"3","male","1","<16","FALSE",1,"S","0"
"55",279,"3","male","1","<16","FALSE",6,"Q","0"
"56",64,"3","male","1","<16","FALSE",6,"S","0"
"57",481,"3","male","1","<16","FALSE",8,"S","0"
"59",765,"3","male","1","<16","FALSE",1,"S","0"
"60",334,"3","male","1","<16","FALSE",2,"S","0"
"65",44,"2","female","1","<16","FALSE",4,"C","1"
"66",341,"2","male","1","<16","TRUE",3,"S","1"
"67",59,"2","female","1","<16","FALSE",4,"S","1"
"68",221,"3","male","1","<16","FALSE",1,"S","1"
"69",668,"3","male","1","<16","FALSE",1,"S","0"
"71",183,"3","male","1","<16","FALSE",7,"S","0"
"72",172,"3","male","1","<16","FALSE",6,"Q","0"
"73",470,"3","female","1","<16","FALSE",4,"C","1"
"74",308,"1","female","1","<16","TRUE",3,"C","1"
"75",551,"1","male","1","<16","TRUE",4,"C","1"
"76",781,"3","female","1","<16","FALSE",1,"C","1"
"77",851,"3","male","1","<16","FALSE",7,"S","0"
"78",543,"3","female","1","<16","FALSE",7,"S","0"
"79",436,"1","female","1","<16","TRUE",4,"S","1"
"82",238,"2","female","1","<16","FALSE",3,"S","1"
"83",157,"3","female","1","<16","FALSE",1,"Q","1"
"84",804,"3","male","1","<16","FALSE",2,"C","1"
"85",752,"3","male","1","<16","TRUE",2,"S","1"
"86",845,"3","male","1","<16","FALSE",1,"S","0"
"89",349,"3","male","1","<16","FALSE",3,"S","1"
"92",690,"1","female","1","<16","TRUE",4,"S","1"
"93",408,"2","male","1","<16","FALSE",3,"S","1"
"94",692,"3","female","1","<16","FALSE",2,"C","1"
"96",8,"3","male","1","<16","FALSE",5,"S","0"
"98",643,"3","female","1","<16","FALSE",6,"S","0"
"99",820,"3","male","1","<16","FALSE",6,"S","0"
"101",173,"3","female","1","<16","FALSE",3,"S","1"
"102",51,"3","male","1","<16","FALSE",7,"S","0"
"103",536,"2","female","1","<16","FALSE",3,"S","1"
"105",15,"3","female","1","<16","FALSE",1,"S","0"
"106",542,"3","female","1","<16","FALSE",7,"S","0"
"107",139,"3","male","1","<16","FALSE",2,"S","0"
"108",17,"3","male","1","<16","FALSE",6,"Q","0"
"109",747,"3","male","1","<16","FALSE",3,"S","0"
"110",505,"1","female","1","<16","TRUE",3,"S","1"
"112",306,"1","male","1","<16","TRUE",6,"S","1"
"113",684,"3","male","1","<16","FALSE",8,"S","0"
"114",832,"2","male","1","<16","FALSE",3,"S","1"
"115",751,"2","female","1","<16","FALSE",3,"S","1"
"117",756,"2","male","1","<16","FALSE",2,"S","1"
"118",194,"2","male","1","<16","TRUE",3,"S","1"
"119",72,"3","female","1","<16","FALSE",8,"S","0"
"120",355,"3","male","1","<16","FALSE",1,"C","0"
"121",115,"3","female","1","<16","FALSE",2,"C","0"
"122",721,"2","female","1","<16","FALSE",3,"S","1"
"125",602,"3","male","1","<16","FALSE",1,"S","0"
"126",778,"3","female","1","<16","FALSE",2,"S","1"
"128",575,"3","male","1","<16","FALSE",1,"S","0"
"129",10,"2","female","1","<16","FALSE",2,"C","1"
"130",550,"2","male","1","<16","FALSE",4,"S","1"
"133",853,"3","female","1","<16","FALSE",3,"C","0"
"134",732,"3","male","1","<16","FALSE",2,"C","0"
"136",209,"3","female","1","<16","FALSE",1,"Q","1"
"137",330,"1","female","1","<16","TRUE",2,"C","1"
"138",11,"3","female","1","<16","TRUE",3,"S","1"
"139",387,"3","male","1","<16","FALSE",8,"S","0"
"140",184,"2","male","1","<16","TRUE",4,"S","1"
"141",831,"3","female","1","<16","FALSE",2,"C","1"
"143",825,"3","male","1","<16","FALSE",7,"S","0"
"144",635,"3","female","1","<16","FALSE",6,"S","0"
"145",298,"1","female","1","<16","TRUE",6,"S","0"
"146",181,"3","female","1","<16","FALSE",11,"S","0"
"147",23,"3","female","1","<16","FALSE",1,"Q","1"
"148",112,"3","female","1","<16","FALSE",2,"C","0"
"149",788,"3","male","1","<16","FALSE",6,"Q","0"
"151",353,"3","male","1","<16","FALSE",1,"C","0"
"152",803,"1","male","1","<16","TRUE",4,"S","1"
"153",480,"3","female","1","<16","FALSE",2,"S","1"
"154",69,"3","female","1","<16","FALSE",1,"S","1"
"157",165,"3","male","1","<16","FALSE",7,"S","0"
"158",842,"2","male","1","<16","FALSE",2,"S","0"
"159",202,"3","male","1","<16","FALSE",11,"S","0"
"161",129,"3","female","1","<16","TRUE",3,"C","1"
"163",531,"2","female","1","<16","FALSE",3,"S","1"
"165",528,"1","male","1","<16","TRUE",4,"S","0"
"166",501,"3","male","1","<16","FALSE",1,"S","0"
"167",870,"3","male","1","<16","FALSE",3,"S","1"
"168",410,"3","female","1","<16","FALSE",5,"S","0"
"169",206,"3","female","1","<16","TRUE",2,"S","0"
"170",789,"3","male","1","<16","FALSE",4,"S","1"
"171",434,"3","male","1","<16","FALSE",1,"S","0"
"172",85,"2","female","1","<16","FALSE",1,"S","1"
"174",420,"3","female","1","<16","FALSE",3,"S","0"
"176",87,"3","male","1","<16","FALSE",5,"S","0"
"178",558,"1","male","1","<16","FALSE",5,"C","0"
"180",177,"3","male","1","<16","FALSE",5,"S","0"
"182",876,"3","female","1","<16","FALSE",1,"C","1"
"183",449,"3","female","1","<16","FALSE",4,"C","1"
"185",1,"3","male","2","16-21","FALSE",1,"S","0"
"186",244,"3","male","2","16-21","FALSE",1,"S","0"
"187",609,"2","female","2","16-21","FALSE",4,"C","1"
"188",368,"3","female","2","16-21","FALSE",1,"C","1"
"191",492,"3","male","2","16-21","FALSE",1,"S","0"
"192",372,"3","male","2","16-21","FALSE",1,"S","0"
"193",373,"3","male","2","16-21","FALSE",1,"S","0"
"194",374,"1","male","2","16-21","FALSE",4,"C","0"
"195",132,"3","male","2","16-21","FALSE",1,"S","0"
"197",13,"3","male","2","16-21","FALSE",1,"S","0"
"198",377,"3","female","2","16-21","FALSE",1,"S","1"
"199",379,"3","male","2","16-21","FALSE",1,"C","0"
"200",380,"3","male","2","16-21","FALSE",1,"S","0"
"201",502,"3","female","2","16-21","FALSE",1,"Q","0"
"204",141,"3","female","2","16-21","FALSE",3,"C","0"
"205",749,"1","male","2","16-21","TRUE",2,"S","0"
"206",386,"2","male","2","16-21","FALSE",7,"S","0"
"208",145,"2","male","2","16-21","FALSE",1,"S","0"
"209",389,"3","male","2","16-21","FALSE",1,"Q","0"
"211",27,"3","male","2","16-21","FALSE",1,"C","0"
"212",28,"1","male","2","16-21","TRUE",6,"S","0"
"213",29,"3","female","2","16-21","FALSE",1,"Q","1"
"214",758,"2","male","2","16-21","FALSE",1,"S","0"
"216",396,"3","male","2","16-21","FALSE",1,"S","0"
"217",761,"3","male","2","16-21","FALSE",2,"S","0"
"218",883,"3","female","2","16-21","FALSE",1,"S","0"
"219",763,"3","male","2","16-21","FALSE",1,"C","1"
"222",38,"3","male","2","16-21","FALSE",1,"S","0"
"223",39,"3","female","2","16-21","FALSE",2,"S","0"
"224",889,"3","female","2","16-21","FALSE",4,"S","0"
"225",405,"3","female","2","16-21","FALSE",1,"S","0"
"226",284,"3","male","2","16-21","FALSE",1,"S","1"
"228",205,"3","male","2","16-21","FALSE",1,"S","1"
"229",45,"3","female","2","16-21","FALSE",1,"Q","1"
"232",48,"3","female","2","16-21","FALSE",1,"Q","1"
"234",50,"3","female","2","16-21","FALSE",2,"S","0"
"236",52,"3","male","2","16-21","FALSE",1,"S","0"
"237",174,"3","male","2","16-21","FALSE",1,"S","0"
"238",418,"2","female","2","16-21","FALSE",1,"S","1"
"239",176,"3","male","2","16-21","FALSE",1,"S","0"
"241",57,"2","female","2","16-21","FALSE",1,"S","1"
"242",422,"3","male","2","16-21","FALSE",1,"Q","0"
"243",787,"3","female","2","16-21","FALSE",1,"S","1"
"245",61,"3","male","2","16-21","FALSE",1,"C","0"
"246",547,"2","female","2","16-21","FALSE",2,"S","1"
"248",428,"2","female","2","16-21","FALSE",2,"S","1"
"250",227,"2","male","2","16-21","FALSE",1,"S","1"
"252",68,"3","male","2","16-21","FALSE",1,"S","0"
"253",554,"3","male","2","16-21","FALSE",1,"C","1"
"254",555,"3","female","2","16-21","FALSE",1,"S","1"
"255",192,"2","male","2","16-21","FALSE",1,"S","0"
"256",193,"3","female","2","16-21","FALSE",1,"S","1"
"257",73,"2","male","2","16-21","FALSE",7,"S","0"
"260",561,"3","male","2","16-21","FALSE",1,"Q","0"
"262",78,"3","male","2","16-21","FALSE",1,"S","0"
"264",808,"3","female","2","16-21","FALSE",1,"S","0"
"265",81,"3","male","2","16-21","FALSE",1,"S","0"
"266",567,"3","male","2","16-21","FALSE",1,"S","0"
"267",689,"3","male","2","16-21","FALSE",1,"S","0"
"268",688,"3","male","2","16-21","FALSE",1,"S","0"
"270",651,"3","male","2","16-21","FALSE",1,"S","0"
"272",452,"3","male","2","16-21","FALSE",1,"S","0"
"273",331,"3","female","2","16-21","FALSE",3,"Q","1"
"275",576,"3","male","2","16-21","FALSE",2,"S","0"
"276",92,"3","male","2","16-21","FALSE",1,"S","0"
"278",579,"3","female","2","16-21","FALSE",2,"C","0"
"280",460,"3","male","2","16-21","FALSE",1,"Q","0"
"283",827,"3","male","2","16-21","FALSE",8,"S","0"
"284",261,"3","male","2","16-21","FALSE",1,"Q","0"
"285",829,"3","male","2","16-21","FALSE",1,"Q","1"
"287",103,"1","male","2","16-21","TRUE",2,"S","0"
"288",589,"3","male","2","16-21","FALSE",1,"S","0"
"289",226,"3","male","2","16-21","FALSE",1,"S","0"
"290",146,"2","male","2","16-21","FALSE",4,"S","0"
"291",107,"3","female","2","16-21","FALSE",1,"S","1"
"292",229,"2","male","2","16-21","FALSE",1,"S","0"
"293",837,"3","male","2","16-21","FALSE",1,"S","0"
"295",475,"3","female","2","16-21","FALSE",1,"S","0"
"296",597,"2","female","2","16-21","FALSE",3,"S","1"
"297",113,"3","male","2","16-21","FALSE",1,"S","0"
"298",114,"3","female","2","16-21","FALSE",1,"S","0"
"299",479,"3","male","2","16-21","FALSE",1,"S","0"
"300",116,"3","male","2","16-21","FALSE",1,"S","0"
"302",239,"2","male","2","16-21","FALSE",1,"S","0"
"304",241,"3","female","2","16-21","FALSE",2,"C","0"
"305",121,"2","male","2","16-21","FALSE",7,"S","0"
"306",647,"3","male","2","16-21","FALSE",1,"S","0"
"307",324,"2","female","2","16-21","FALSE",3,"S","1"
"308",137,"1","female","2","16-21","TRUE",1,"S","1"
"309",623,"3","male","2","16-21","FALSE",3,"C","1"
"310",569,"3","male","2","16-21","FALSE",1,"C","0"
"311",665,"3","male","2","16-21","FALSE",1,"S","1"
"312",653,"3","male","2","16-21","FALSE",1,"S","0"
"315",495,"3","male","2","16-21","FALSE",1,"S","0"
"318",862,"2","male","2","16-21","FALSE",1,"S","0"
"319",336,"3","male","2","16-21","FALSE",1,"S","0"
"321",878,"3","male","2","16-21","FALSE",1,"S","0"
"322",312,"1","female","2","16-21","TRUE",7,"C","1"
"323",624,"3","male","2","16-21","FALSE",1,"S","0"
"326",142,"3","female","2","16-21","FALSE",1,"S","1"
"327",628,"1","female","2","16-21","TRUE",3,"S","1"
"328",144,"3","male","2","16-21","FALSE",1,"Q","0"
"332",512,"3","male","2","16-21","FALSE",1,"S","0"
"333",877,"3","male","2","16-21","FALSE",2,"S","0"
"336",152,"1","female","2","16-21","TRUE",2,"S","1"
"338",275,"3","female","2","16-21","FALSE",1,"Q","1"
"339",640,"3","male","2","16-21","FALSE",2,"S","0"
"340",641,"3","male","2","16-21","FALSE",1,"S","0"
"342",522,"3","male","2","16-21","FALSE",1,"S","0"
"343",159,"3","male","2","16-21","FALSE",1,"S","0"
"344",888,"1","female","2","16-21","TRUE",1,"S","1"
"345",403,"3","female","2","16-21","FALSE",1,"S","0"
"347",701,"1","female","2","16-21","TRUE",5,"C","1"
"350",676,"3","male","2","16-21","FALSE",1,"S","0"
"351",678,"3","female","2","16-21","FALSE",1,"S","1"
"352",288,"3","male","2","16-21","FALSE",1,"S","0"
"353",290,"3","female","2","16-21","FALSE",1,"Q","1"
"354",655,"3","female","2","16-21","FALSE",1,"Q","0"
"355",292,"1","female","2","16-21","TRUE",2,"C","1"
"357",213,"3","male","2","16-21","FALSE",1,"S","0"
"359",228,"3","male","2","16-21","FALSE",1,"S","0"
"362",716,"3","male","2","16-21","TRUE",1,"S","0"
"363",703,"3","female","2","16-21","FALSE",2,"C","0"
"366",182,"2","male","2","16-21","FALSE",1,"C","0"
"367",425,"3","male","2","16-21","FALSE",3,"S","0"
"369",265,"3","female","2","16-21","FALSE",1,"Q","0"
"372",565,"3","female","2","16-21","FALSE",1,"S","0"
"373",523,"3","male","2","16-21","FALSE",1,"C","0"
"374",442,"3","male","2","16-21","FALSE",1,"S","0"
"376",392,"3","male","2","16-21","FALSE",1,"S","1"
"377",743,"1","female","2","16-21","TRUE",7,"C","1"
"380",357,"1","female","2","16-21","TRUE",2,"S","1"
"381",856,"3","female","2","16-21","FALSE",2,"S","1"
"382",683,"3","male","2","16-21","FALSE",1,"S","0"
"386",726,"3","male","2","16-21","FALSE",1,"S","0"
"388",594,"3","female","2","16-21","FALSE",1,"Q","0"
"393",652,"2","female","2","16-21","FALSE",2,"S","1"
"394",303,"3","male","2","16-21","FALSE",4,"S","0"
"395",776,"3","male","2","16-21","FALSE",1,"S","0"
"396",506,"1","male","2","16-21","TRUE",3,"C","0"
"401",321,"3","male","2","16-21","FALSE",1,"S","0"
"402",586,"1","female","2","16-21","TRUE",3,"S","1"
"403",835,"3","male","2","16-21","FALSE",1,"S","0"
"404",709,"1","female","2","16-21","FALSE",6,"S","1"
"408",409,"3","male","2","16-21","FALSE",1,"S","0"
"411",654,"3","female","2","16-21","FALSE",1,"Q","1"
"412",540,"1","female","2","16-21","TRUE",1,"C","1"
"413",841,"3","male","2","16-21","FALSE",1,"S","0"
"415",437,"3","female","2","16-21","FALSE",5,"S","0"
"417",625,"3","male","2","16-21","FALSE",2,"S","0"
"419",650,"3","female","3",">21-26","FALSE",1,"S","1"
"420",694,"3","male","3",">21-26","FALSE",1,"C","0"
"422",3,"3","female","3",">21-26","FALSE",1,"S","1"
"423",135,"2","male","3",">21-26","FALSE",1,"S","0"
"424",729,"2","male","3",">21-26","FALSE",2,"S","0"
"426",585,"3","male","3",">21-26","FALSE",1,"C","0"
"428",140,"1","male","3",">21-26","TRUE",2,"C","0"
"430",371,"1","male","3",">21-26","TRUE",2,"C","1"
"431",601,"2","female","3",">21-26","FALSE",2,"S","1"
"433",530,"2","male","3",">21-26","FALSE",1,"S","0"
"434",754,"3","male","3",">21-26","FALSE",1,"S","0"
"435",510,"3","male","3",">21-26","FALSE",8,"S","1"
"436",297,"3","male","3",">21-26","FALSE",1,"C","0"
"437",247,"3","female","3",">21-26","FALSE",1,"S","0"
"438",43,"3","male","3",">21-26","FALSE",1,"C","0"
"439",769,"3","male","3",">21-26","FALSE",3,"Q","0"
"440",705,"3","male","3",">21-26","FALSE",1,"S","0"
"441",620,"2","male","3",">21-26","FALSE",1,"S","0"
"442",704,"3","male","3",">21-26","FALSE",1,"Q","0"
"443",302,"3","male","3",">21-26","FALSE",3,"Q","1"
"446",795,"3","male","3",">21-26","FALSE",1,"S","0"
"447",496,"3","male","3",">21-26","FALSE",2,"C","0"
"448",294,"3","female","3",">21-26","FALSE",1,"S","0"
"452",730,"3","female","3",">21-26","FALSE",1,"S","0"
"454",771,"3","male","3",">21-26","FALSE",1,"S","0"
"456",785,"3","male","3",">21-26","FALSE",1,"S","0"
"457",693,"3","male","3",">21-26","FALSE",8,"S","1"
"458",885,"3","male","3",">21-26","FALSE",1,"S","0"
"459",616,"2","female","3",">21-26","FALSE",5,"S","1"
"460",268,"3","male","3",">21-26","FALSE",1,"S","1"
"461",834,"3","male","3",">21-26","FALSE",1,"S","0"
"463",850,"1","female","3",">21-26","TRUE",2,"C","1"
"470",865,"2","male","3",">21-26","FALSE",1,"S","0"
"471",76,"3","male","3",">21-26","TRUE",1,"S","0"
"472",438,"2","female","3",">21-26","FALSE",3,"S","1"
"475",291,"1","female","3",">21-26","FALSE",3,"S","1"
"476",859,"3","female","3",">21-26","FALSE",4,"C","1"
"477",94,"3","male","3",">21-26","FALSE",4,"S","0"
"479",890,"1","male","3",">21-26","TRUE",1,"C","1"
"480",811,"3","male","3",">21-26","FALSE",1,"S","0"
"482",98,"1","male","3",">21-26","TRUE",2,"C","1"
"486",235,"2","male","3",">21-26","FALSE",1,"S","0"
"487",642,"1","female","3",">21-26","TRUE",2,"C","1"
"488",629,"3","male","3",">21-26","FALSE",1,"S","0"
"489",348,"3","female","3",">21-26","FALSE",2,"S","1"
"490",833,"3","male","3",">21-26","FALSE",1,"C","0"
"492",485,"1","male","3",">21-26","TRUE",2,"C","1"
"496",744,"3","male","3",">21-26","FALSE",2,"S","0"
"498",208,"3","male","3",">21-26","FALSE",2,"C","1"
"499",88,"3","male","3",">21-26","FALSE",1,"S","0"
"500",90,"3","male","3",">21-26","FALSE",1,"S","0"
"501",399,"2","male","3",">21-26","FALSE",1,"S","0"
"502",211,"3","male","3",">21-26","FALSE",1,"S","0"
"503",402,"3","male","3",">21-26","FALSE",1,"S","0"
"504",618,"3","female","3",">21-26","FALSE",2,"S","0"
"505",498,"3","male","3",">21-26","FALSE",2,"S","0"
"507",500,"3","male","3",">21-26","FALSE",1,"S","0"
"508",566,"3","male","3",">21-26","FALSE",3,"S","0"
"510",677,"3","male","3",">21-26","FALSE",1,"S","0"
"513",344,"2","male","3",">21-26","FALSE",1,"S","0"
"514",630,"3","male","3",">21-26","FALSE",1,"Q","0"
"517",871,"3","male","3",">21-26","FALSE",1,"S","0"
"520",313,"2","female","3",">21-26","FALSE",2,"S","0"
"522",784,"3","male","3",">21-26","FALSE",4,"S","0"
"524",881,"2","female","3",">21-26","FALSE",2,"S","1"
"525",316,"3","female","3",">21-26","FALSE",1,"S","1"
"526",317,"2","female","3",">21-26","FALSE",2,"S","1"
"527",74,"3","male","3",">21-26","FALSE",2,"C","0"
"529",346,"2","female","3",">21-26","TRUE",1,"S","1"
"531",200,"2","female","3",">21-26","FALSE",1,"S","0"
"533",163,"3","male","3",">21-26","FALSE",1,"S","0"
"534",515,"3","male","3",">21-26","FALSE",1,"S","0"
"536",840,"1","male","3",">21-26","TRUE",1,"C","1"
"537",354,"3","male","3",">21-26","FALSE",2,"S","0"
"538",370,"1","female","3",">21-26","TRUE",2,"C","1"
"539",614,"3","male","3",">21-26","FALSE",1,"Q","0"
"543",817,"3","female","3",">21-26","FALSE",1,"S","0"
"544",295,"3","male","3",">21-26","FALSE",1,"S","0"
"545",779,"3","male","3",">21-26","FALSE",1,"Q","0"
"546",136,"2","male","3",">21-26","FALSE",1,"C","0"
"548",443,"3","male","3",">21-26","FALSE",1,"S","0"
"549",257,"1","female","3",">21-26","FALSE",2,"C","1"
"551",864,"3","female","3",">21-26","FALSE",11,"S","0"
"552",342,"1","female","3",">21-26","TRUE",6,"S","1"
"553",143,"3","female","3",">21-26","FALSE",2,"S","1"
"555",426,"3","male","3",">21-26","FALSE",1,"S","0"
"556",667,"2","male","3",">21-26","FALSE",1,"S","0"
"557",644,"3","male","3",">21-26","FALSE",8,"S","1"
"558",711,"1","female","3",">21-26","TRUE",1,"C","1"
"561",581,"2","female","3",">21-26","FALSE",2,"S","1"
"562",272,"3","male","3",">21-26","FALSE",4,"S","1"
"565",395,"3","female","3",">21-26","TRUE",3,"S","1"
"566",411,"3","male","3",">21-26","FALSE",1,"S","0"
"567",735,"2","male","3",">21-26","FALSE",1,"S","0"
"569",603,"1","male","3",">21-26","FALSE",2,"S","0"
"570",816,"1","male","3",">21-26","TRUE",2,"S","0"
"571",119,"1","male","3",">21-26","TRUE",3,"C","0"
"572",37,"3","male","3",">21-26","FALSE",1,"C","1"
"573",77,"3","male","3",">21-26","FALSE",1,"S","0"
"574",553,"3","male","3",">21-26","FALSE",1,"Q","0"
"575",499,"1","female","3",">21-26","TRUE",6,"S","0"
"576",70,"3","male","3",">21-26","FALSE",1,"S","0"
"578",474,"2","female","3",">21-26","TRUE",1,"C","1"
"579",786,"3","male","3",">21-26","FALSE",1,"S","0"
"581",128,"3","male","3",">21-26","FALSE",1,"S","1"
"582",89,"1","female","3",">21-26","TRUE",6,"S","1"
"583",491,"3","male","3",">21-26","FALSE",1,"S","0"
"584",656,"2","male","3",">21-26","FALSE",7,"S","0"
"586",311,"1","female","3",">21-26","TRUE",3,"C","1"
"587",686,"2","male","3",">21-26","FALSE",4,"C","0"
"591",675,"2","male","3",">21-26","FALSE",1,"S","0"
"592",394,"1","female","3",">21-26","TRUE",3,"C","1"
"593",432,"3","female","3",">21-26","FALSE",2,"S","1"
"594",248,"2","female","3",">21-26","FALSE",2,"S","1"
"595",734,"2","male","3",">21-26","FALSE",1,"S","0"
"596",659,"2","male","3",">21-26","FALSE",1,"S","0"
"597",230,"3","female","3",">21-26","FALSE",5,"S","0"
"598",127,"3","male","3",">21-26","FALSE",1,"Q","0"
"599",351,"3","male","3",">21-26","FALSE",1,"S","0"
"601",607,"3","male","4",">26-30","FALSE",1,"S","0"
"602",310,"1","female","4",">26-30","TRUE",2,"C","1"
"603",378,"1","male","4",">26-30","TRUE",5,"C","0"
"604",621,"3","male","4",">26-30","FALSE",2,"C","0"
"607",419,"2","male","4",">26-30","FALSE",1,"S","0"
"608",323,"2","female","4",">26-30","FALSE",1,"Q","1"
"609",80,"3","female","4",">26-30","FALSE",2,"S","1"
"611",564,"3","male","4",">26-30","FALSE",1,"S","0"
"613",243,"2","male","4",">26-30","FALSE",1,"S","0"
"614",404,"3","male","4",">26-30","FALSE",2,"S","0"
"615",256,"3","female","4",">26-30","FALSE",3,"C","1"
"616",783,"1","male","4",">26-30","TRUE",1,"S","0"
"617",431,"1","male","4",">26-30","TRUE",1,"S","1"
"619",278,"2","male","4",">26-30","FALSE",3,"S","0"
"620",67,"2","female","4",">26-30","TRUE",1,"S","1"
"621",725,"1","male","4",">26-30","TRUE",2,"S","1"
"622",106,"3","male","4",">26-30","FALSE",1,"S","0"
"623",805,"3","male","4",">26-30","FALSE",1,"S","1"
"625",322,"3","male","4",">26-30","FALSE",1,"S","0"
"626",887,"2","male","4",">26-30","FALSE",1,"S","0"
"627",649,"3","male","4",">26-30","FALSE",1,"S","0"
"629",101,"3","female","4",">26-30","FALSE",1,"S","0"
"630",444,"2","female","4",">26-30","FALSE",1,"S","1"
"631",222,"2","male","4",">26-30","FALSE",1,"S","0"
"633",170,"3","male","4",">26-30","FALSE",8,"S","0"
"634",35,"1","male","4",">26-30","FALSE",2,"C","0"
"636",254,"3","male","4",">26-30","FALSE",2,"S","0"
"637",739,"3","male","4",">26-30","FALSE",1,"S","0"
"638",538,"1","female","4",">26-30","FALSE",3,"C","1"
"639",337,"1","male","4",">26-30","TRUE",2,"S","0"
"640",822,"3","male","4",">26-30","FALSE",1,"S","1"
"641",245,"3","male","4",">26-30","FALSE",1,"C","0"
"642",824,"3","female","4",">26-30","TRUE",2,"S","1"
"644",58,"3","male","4",">26-30","FALSE",1,"C","0"
"646",343,"2","male","4",">26-30","FALSE",1,"S","0"
"647",465,"3","male","4",">26-30","FALSE",1,"S","0"
"648",427,"2","female","4",">26-30","FALSE",2,"S","1"
"649",147,"3","male","4",">26-30","FALSE",1,"S","1"
"650",24,"1","male","4",">26-30","TRUE",1,"S","1"
"653",714,"3","male","4",">26-30","FALSE",1,"S","0"
"655",636,"2","female","4",">26-30","FALSE",1,"S","1"
"656",314,"3","male","4",">26-30","FALSE",1,"S","0"
"657",718,"2","female","4",">26-30","TRUE",1,"S","1"
"659",33,"3","female","4",">26-30","FALSE",1,"Q","1"
"660",478,"3","male","4",">26-30","FALSE",1,"S","0"
"661",843,"1","female","4",">26-30","FALSE",2,"C","1"
"662",400,"2","female","4",">26-30","FALSE",1,"S","1"
"663",118,"2","male","4",">26-30","FALSE",2,"S","0"
"665",362,"2","male","4",">26-30","FALSE",2,"C","0"
"666",727,"2","female","4",">26-30","FALSE",2,"S","1"
"667",849,"2","male","4",">26-30","FALSE",3,"S","0"
"668",42,"2","female","4",">26-30","FALSE",2,"S","0"
"669",366,"3","male","4",">26-30","FALSE",1,"S","0"
"670",731,"1","female","4",">26-30","TRUE",4,"S","1"
"671",489,"3","male","4",">26-30","FALSE",1,"S","0"
"675",252,"3","female","4",">26-30","TRUE",2,"S","0"
"676",9,"3","female","4",">26-30","FALSE",3,"S","1"
"679",134,"2","female","4",">26-30","FALSE",2,"S","1"
"682",258,"1","female","4",">26-30","TRUE",3,"S","1"
"683",220,"2","male","4",">26-30","FALSE",1,"S","0"
"685",867,"2","female","4",">26-30","FALSE",1,"C","1"
"686",748,"2","female","4",">26-30","FALSE",1,"S","1"
"688",102,"3","male","4",">26-30","FALSE",1,"S","0"
"691",509,"3","male","4",">26-30","FALSE",3,"S","0"
"692",511,"3","male","4",">26-30","FALSE",1,"Q","1"
"693",875,"2","female","4",">26-30","FALSE",2,"C","1"
"694",393,"3","male","4",">26-30","FALSE",1,"S","0"
"695",352,"1","male","4",">26-30","TRUE",1,"S","0"
"696",232,"3","male","4",">26-30","FALSE",1,"S","0"
"697",879,"3","male","4",">26-30","FALSE",1,"S","0"
"699",356,"3","male","4",">26-30","FALSE",1,"S","0"
"700",518,"3","male","4",">26-30","FALSE",3,"Q","0"
"701",155,"3","male","4",">26-30","FALSE",1,"S","0"
"702",884,"2","male","4",">26-30","FALSE",1,"S","0"
"703",521,"1","female","4",">26-30","TRUE",4,"S","1"
"704",158,"3","male","4",">26-30","FALSE",1,"S","0"
"706",282,"3","male","4",">26-30","FALSE",1,"S","0"
"707",525,"3","male","4",">26-30","FALSE",1,"C","0"
"708",608,"1","male","4",">26-30","FALSE",1,"S","1"
"710",287,"3","male","4",">26-30","FALSE",1,"S","1"
"712",733,"2","male","4",">26-30","FALSE",1,"S","0"
"715",736,"3","male","4",">26-30","FALSE",2,"S","0"
"717",535,"3","female","4",">26-30","FALSE",1,"S","0"
"718",860,"3","male","4",">26-30","FALSE",1,"C","0"
"721",54,"2","female","4",">26-30","FALSE",2,"S","1"
"725",179,"2","male","4",">26-30","FALSE",1,"S","0"
"726",423,"3","male","4",">26-30","FALSE",1,"S","0"
"727",424,"3","female","4",">26-30","FALSE",3,"S","0"
"730",791,"3","male","4",">26-30","FALSE",1,"Q","0"
"732",793,"3","female","4",">26-30","FALSE",11,"S","0"
"733",309,"2","male","4",">26-30","FALSE",2,"C","0"
"734",552,"2","male","4",">26-30","FALSE",2,"S","0"
"735",271,"1","male","4",">26-30","FALSE",2,"S","0"
"736",757,"3","male","4",">26-30","FALSE",1,"S","0"
"738",799,"3","male","4",">26-30","FALSE",1,"C","0"
"739",800,"3","female","4",">26-30","FALSE",3,"S","0"
"741",681,"3","female","4",">26-30","FALSE",1,"Q","0"
"742",682,"1","male","4",">26-30","TRUE",3,"C","1"
"745",563,"2","male","4",">26-30","FALSE",1,"S","0"
"747",201,"3","male","4",">26-30","FALSE",1,"S","0"
"748",445,"3","male","4",">26-30","FALSE",1,"S","1"
"749",82,"3","male","4",">26-30","FALSE",1,"S","1"
"750",568,"3","female","4",">26-30","FALSE",5,"S","0"
"751",84,"1","male","4",">26-30","FALSE",2,"S","0"
"754",412,"3","male","4",">26-30","FALSE",1,"Q","0"
"756",453,"1","male","4",">26-30","TRUE",1,"C","0"
"757",91,"3","male","4",">26-30","FALSE",1,"S","0"
"759",456,"3","male","4",">26-30","FALSE",1,"C","1"
"760",214,"2","male","4",">26-30","FALSE",1,"S","0"
"762",217,"3","female","4",">26-30","FALSE",1,"S","1"
"764",674,"2","male","5",">30-35","FALSE",1,"S","1"
"765",359,"3","female","5",">30-35","FALSE",1,"Q","1"
"766",86,"3","female","5",">30-35","FALSE",2,"S","1"
"767",813,"2","male","5",">30-35","FALSE",1,"S","0"
"768",5,"3","male","5",">30-35","FALSE",1,"S","0"
"770",207,"3","male","5",">30-35","FALSE",2,"S","0"
"771",430,"3","male","5",">30-35","TRUE",1,"S","1"
"774",633,"1","male","5",">30-35","TRUE",1,"C","1"
"775",591,"3","male","5",">30-35","FALSE",1,"S","0"
"778",100,"2","male","5",">30-35","FALSE",2,"S","0"
"779",19,"3","female","5",">30-35","FALSE",2,"S","0"
"780",328,"2","female","5",">30-35","TRUE",1,"S","1"
"781",448,"1","male","5",">30-35","FALSE",1,"S","1"
"782",519,"2","female","5",">30-35","FALSE",2,"S","1"
"784",873,"1","male","5",">30-35","TRUE",1,"S","0"
"785",764,"1","female","5",">30-35","TRUE",4,"S","1"
"786",753,"3","male","5",">30-35","FALSE",1,"S","0"
"788",767,"1","male","5",">30-35","FALSE",1,"C","0"
"791",486,"3","female","5",">30-35","FALSE",5,"S","0"
"792",770,"3","male","5",">30-35","FALSE",1,"S","0"
"795",384,"1","female","5",">30-35","FALSE",2,"S","1"
"796",75,"3","male","5",">30-35","FALSE",8,"S","1"
"797",723,"2","male","5",">30-35","FALSE",1,"S","0"
"798",549,"3","male","5",">30-35","FALSE",3,"S","0"
"799",266,"2","male","5",">30-35","FALSE",1,"S","0"
"800",307,"1","female","5",">30-35","FALSE",4,"C","1"
"802",712,"1","male","5",">30-35","TRUE",1,"S","0"
"803",124,"2","female","5",">30-35","TRUE",1,"S","1"
"804",584,"1","male","5",">30-35","TRUE",1,"C","0"
"805",664,"3","male","5",">30-35","FALSE",1,"S","0"
"806",286,"3","male","5",">30-35","FALSE",1,"C","0"
"807",4,"1","female","5",">30-35","TRUE",2,"S","1"
"808",520,"3","male","5",">30-35","FALSE",1,"S","0"
"809",869,"3","male","5",">30-35","FALSE",1,"S","0"
"810",304,"2","female","5",">30-35","TRUE",1,"Q","1"
"811",844,"3","male","5",">30-35","FALSE",1,"C","0"
"812",440,"2","male","5",">30-35","FALSE",1,"S","0"
"814",672,"1","male","5",">30-35","TRUE",2,"S","0"
"815",848,"3","male","5",">30-35","FALSE",1,"C","0"
"816",364,"3","male","5",">30-35","FALSE",1,"S","0"
"817",203,"3","male","5",">30-35","FALSE",1,"S","0"
"818",122,"3","male","5",">30-35","FALSE",1,"S","0"
"819",180,"3","male","5",">30-35","FALSE",4,"S","0"
"820",99,"2","female","5",">30-35","FALSE",2,"S","1"
"822",882,"3","male","5",">30-35","FALSE",1,"S","0"
"823",477,"2","male","5",">30-35","FALSE",2,"S","0"
"824",617,"3","male","5",">30-35","FALSE",3,"S","0"
"825",335,"1","female","5",">30-35","FALSE",2,"S","1"
"826",577,"2","female","5",">30-35","FALSE",1,"S","1"
"827",212,"2","female","5",">30-35","FALSE",2,"S","1"
"829",131,"3","male","5",">30-35","FALSE",1,"C","0"
"830",487,"1","female","5",">30-35","TRUE",2,"S","1"
"831",216,"1","female","5",">30-35","TRUE",3,"C","1"
"833",326,"1","female","5",">30-35","TRUE",4,"C","1"
"834",259,"1","female","5",">30-35","FALSE",4,"C","1"
"835",20,"3","female","5",">30-35","FALSE",1,"C","1"
"840",750,"3","male","5",">30-35","FALSE",1,"Q","0"
"843",794,"1","male","5",">30-35","FALSE",1,"C","0"
"845",219,"1","female","5",">30-35","TRUE",2,"C","1"
"846",462,"3","male","5",">30-35","FALSE",1,"S","0"
"847",720,"3","male","5",">30-35","FALSE",1,"S","0"
"848",839,"3","male","5",">30-35","FALSE",8,"S","1"
"849",517,"2","female","5",">30-35","TRUE",1,"S","1"
"851",560,"3","female","5",">30-35","FALSE",2,"S","1"
"854",768,"3","female","5",">30-35","FALSE",1,"Q","0"
"856",605,"1","male","5",">30-35","FALSE",1,"C","1"
"857",406,"2","male","5",">30-35","FALSE",2,"S","0"
"858",891,"3","male","5",">30-35","FALSE",1,"Q","0"
"859",810,"1","female","5",">30-35","TRUE",2,"S","1"
"861",745,"3","male","5",">30-35","FALSE",1,"S","1"
"862",570,"3","male","5",">30-35","FALSE",1,"S","1"
"863",573,"1","male","5",">30-35","TRUE",1,"S","1"
"864",615,"3","male","5",">30-35","FALSE",1,"S","0"
"865",738,"1","male","5",">30-35","TRUE",4,"C","1"
"866",455,"3","male","5",">30-35","FALSE",1,"S","0"
"867",413,"1","female","5",">30-35","TRUE",3,"Q","1"
"868",777,"3","male","5",">30-35","TRUE",1,"Q","0"
"869",658,"3","female","5",">30-35","FALSE",2,"Q","0"
"870",417,"2","female","5",">30-35","FALSE",3,"S","1"
"872",541,"1","female","5",">30-35","TRUE",2,"S","1"
"873",299,"1","male","5",">30-35","TRUE",1,"S","1"
"878",868,"1","male","5",">30-35","TRUE",1,"S","0"
"879",388,"2","female","5",">30-35","FALSE",1,"S","1"
"880",104,"3","male","5",">30-35","FALSE",1,"S","0"
"881",345,"2","male","5",">30-35","FALSE",1,"S","0"
"882",21,"2","male","5",">30-35","FALSE",2,"S","0"
"883",590,"3","male","5",">30-35","FALSE",1,"S","0"
"884",123,"2","male","5",">30-35","FALSE",2,"C","0"
"886",719,"3","male","5",">30-35","FALSE",2,"Q","0"
"887",702,"1","male","5",">30-35","TRUE",1,"S","1"
"889",191,"2","female","5",">30-35","FALSE",1,"S","1"
"890",760,"1","female","5",">30-35","TRUE",3,"S","1"
"891",397,"3","female","5",">30-35","FALSE",1,"S","0"
"892",680,"1","male","5",">30-35","TRUE",4,"C","1"
"893",801,"2","male","5",">30-35","FALSE",2,"S","0"
"894",802,"2","female","5",">30-35","FALSE",3,"S","1"
"895",240,"2","male","5",">30-35","FALSE",1,"S","0"
"896",280,"3","female","5",">30-35","FALSE",3,"S","1"
"897",293,"2","male","5",">30-35","TRUE",1,"C","0"
"898",728,"3","female","5",">30-35","FALSE",1,"Q","1"
"899",742,"1","male","5",">30-35","TRUE",3,"S","0"
"900",513,"1","male","5",">30-35","TRUE",1,"S","1"
"901",56,"1","male","5",">30-35","TRUE",1,"S","1"
"902",691,"1","male","5",">30-35","TRUE",2,"S","1"
"903",451,"2","male","5",">30-35","FALSE",4,"S","0"
"904",815,"3","male","5",">30-35","FALSE",1,"S","0"
"907",818,"2","male","5",">30-35","FALSE",3,"C","0"
"908",507,"2","female","5",">30-35","FALSE",3,"S","1"
"910",806,"3","male","5",">30-35","FALSE",1,"S","0"
"912",108,"3","male","5",">30-35","FALSE",1,"S","1"
"916",383,"3","male","5",">30-35","FALSE",1,"S","0"
"917",637,"3","male","5",">30-35","FALSE",1,"S","0"
"918",666,"2","male","5",">30-35","FALSE",7,"S","0"
"920",22,"2","male","5",">30-35","TRUE",1,"S","1"
"922",391,"1","male","5",">30-35","TRUE",4,"S","1"
"923",638,"2","male","5",">30-35","FALSE",3,"S","0"
"924",606,"3","male","5",">30-35","FALSE",2,"S","0"
"926",544,"2","male","5",">30-35","FALSE",2,"S","1"
"927",798,"3","female","5",">30-35","FALSE",1,"S","1"
"929",473,"2","female","5",">30-35","FALSE",4,"S","1"
"930",319,"1","female","5",">30-35","TRUE",4,"S","1"
"931",270,"1","female","5",">30-35","TRUE",4,"S","1"
"932",759,"3","male","5",">30-35","FALSE",1,"S","0"
"933",49,"3","male","5",">30-35","FALSE",3,"C","0"
"934",71,"2","male","5",">30-35","FALSE",1,"S","0"
"935",190,"3","male","5",">30-35","FALSE",1,"S","0"
"937",329,"3","female","5",">30-35","FALSE",3,"S","1"
"938",231,"1","female","5",">30-35","TRUE",2,"S","1"
"939",580,"3","male","5",">30-35","FALSE",1,"S","1"
"940",596,"3","male","5",">30-35","FALSE",3,"S","0"
"941",47,"3","male","5",">30-35","FALSE",2,"Q","0"
"942",246,"1","male","6",">35-45","TRUE",3,"Q","0"
"943",529,"3","male","6",">35-45","FALSE",1,"S","0"
"944",6,"3","male","6",">35-45","FALSE",1,"Q","0"
"945",855,"2","female","6",">35-45","FALSE",2,"S","0"
"947",416,"3","female","6",">35-45","FALSE",1,"S","0"
"948",14,"3","male","6",">35-45","FALSE",7,"S","0"
"950",812,"3","male","6",">35-45","FALSE",3,"S","0"
"953",539,"3","male","6",">35-45","FALSE",2,"S","0"
"954",2,"1","female","6",">35-45","TRUE",2,"C","1"
"955",249,"1","male","6",">35-45","TRUE",2,"S","1"
"957",706,"2","male","6",">35-45","FALSE",2,"S","0"
"959",26,"3","female","6",">35-45","FALSE",7,"S","1"
"960",578,"1","female","6",">35-45","TRUE",2,"S","1"
"961",697,"3","male","6",">35-45","FALSE",1,"S","0"
"962",237,"2","male","6",">35-45","FALSE",2,"S","0"
"965",41,"3","female","6",">35-45","FALSE",1,"S","0"
"967",340,"1","male","6",">35-45","TRUE",1,"S","0"
"968",274,"1","male","6",">35-45","TRUE",1,"C","0"
"969",503,"3","female","6",">35-45","FALSE",1,"Q","0"
"970",611,"3","female","6",">35-45","FALSE",7,"S","0"
"972",36,"1","male","6",">35-45","FALSE",2,"S","0"
"973",186,"1","male","6",">35-45","TRUE",1,"S","0"
"975",740,"3","male","6",">35-45","FALSE",1,"S","0"
"976",255,"3","female","6",">35-45","FALSE",3,"S","0"
"979",421,"3","male","6",">35-45","FALSE",1,"C","0"
"981",610,"1","female","6",">35-45","TRUE",3,"S","1"
"983",559,"1","female","6",">35-45","TRUE",3,"S","1"
"984",466,"3","male","6",">35-45","FALSE",1,"S","0"
"987",657,"3","male","6",">35-45","FALSE",1,"S","0"
"989",225,"1","male","6",">35-45","TRUE",2,"S","1"
"990",189,"3","male","6",">35-45","FALSE",2,"Q","0"
"991",162,"2","female","6",">35-45","FALSE",2,"S","1"
"992",526,"3","male","6",">35-45","FALSE",1,"Q","0"
"993",582,"1","female","6",">35-45","TRUE",4,"C","1"
"994",138,"1","male","6",">35-45","TRUE",2,"S","0"
"996",612,"3","male","6",">35-45","FALSE",1,"S","0"
"999",358,"2","female","6",">35-45","FALSE",1,"S","0"
"1000",105,"3","male","6",">35-45","FALSE",1,"S","0"
"1001",819,"3","male","6",">35-45","FALSE",1,"S","0"
"1002",415,"3","male","6",">35-45","FALSE",1,"S","1"
"1005",809,"2","male","6",">35-45","FALSE",1,"S","0"
"1008",339,"3","male","6",">35-45","FALSE",1,"S","1"
"1011",168,"3","female","6",">35-45","FALSE",6,"S","0"
"1012",130,"3","male","6",">35-45","FALSE",1,"S","0"
"1013",669,"3","male","6",">35-45","FALSE",1,"S","0"
"1015",671,"2","female","6",">35-45","FALSE",3,"S","1"
"1016",537,"1","male","6",">35-45","TRUE",1,"S","0"
"1017",385,"3","male","6",">35-45","FALSE",1,"S","0"
"1018",823,"1","male","6",">35-45","FALSE",1,"S","0"
"1019",150,"2","male","6",">35-45","FALSE",1,"S","0"
"1021",717,"1","female","6",">35-45","TRUE",5,"C","1"
"1023",31,"1","male","6",">35-45","FALSE",1,"C","0"
"1024",707,"2","female","6",">35-45","FALSE",1,"S","1"
"1025",679,"3","female","6",">35-45","FALSE",8,"S","0"
"1026",599,"3","male","6",">35-45","FALSE",1,"C","0"
"1027",846,"3","male","6",">35-45","FALSE",1,"S","0"
"1028",320,"1","female","6",">35-45","TRUE",5,"C","1"
"1029",264,"1","male","6",">35-45","TRUE",1,"S","0"
"1030",242,"3","female","6",">35-45","FALSE",2,"Q","1"
"1031",363,"3","female","6",">35-45","FALSE",2,"C","0"
"1032",161,"3","male","6",">35-45","FALSE",2,"S","0"
"1033",338,"1","female","6",">35-45","TRUE",5,"C","1"
"1034",218,"2","male","6",">35-45","FALSE",2,"S","0"
"1035",381,"1","female","6",">35-45","FALSE",5,"C","1"
"1036",30,"3","male","6",">35-45","FALSE",1,"S","0"
"1037",866,"2","female","6",">35-45","FALSE",1,"S","1"
"1039",210,"1","male","6",">35-45","TRUE",1,"C","1"
"1041",534,"3","female","6",">35-45","FALSE",3,"C","1"
"1043",333,"1","male","6",">35-45","TRUE",3,"S","0"
"1044",861,"3","male","6",">35-45","FALSE",2,"S","0"
"1045",780,"1","female","6",">35-45","TRUE",4,"S","1"
"1046",433,"2","female","6",">35-45","FALSE",2,"S","1"
"1051",504,"3","female","6",">35-45","FALSE",1,"S","0"
"1052",708,"1","male","6",">35-45","TRUE",1,"S","1"
"1053",63,"1","male","6",">35-45","TRUE",2,"S","0"
"1055",347,"2","female","6",">35-45","FALSE",1,"S","1"
"1056",604,"3","male","6",">35-45","FALSE",1,"S","0"
"1057",524,"1","female","6",">35-45","TRUE",2,"C","1"
"1058",188,"1","male","6",">35-45","FALSE",1,"S","1"
"1060",741,"1","male","6",">35-45","TRUE",1,"S","1"
"1061",622,"1","male","6",">35-45","TRUE",2,"S","1"
"1062",595,"2","male","6",">35-45","FALSE",2,"S","0"
"1063",838,"3","male","6",">35-45","FALSE",1,"S","0"
"1064",195,"1","female","6",">35-45","TRUE",1,"C","1"
"1065",236,"3","female","6",">35-45","FALSE",1,"S","0"
"1066",639,"3","female","6",">35-45","FALSE",7,"S","0"
"1068",360,"3","female","6",">35-45","FALSE",1,"Q","1"
"1070",401,"3","male","6",">35-45","FALSE",1,"S","1"
"1071",807,"1","male","6",">35-45","TRUE",1,"S","0"
"1072",562,"3","male","6",">35-45","FALSE",1,"S","0"
"1073",836,"1","female","6",">35-45","TRUE",3,"C","1"
"1074",149,"2","male","6",">35-45","TRUE",3,"S","0"
"1075",662,"3","male","6",">35-45","FALSE",1,"C","0"
"1076",634,"1","male","6",">35-45","FALSE",1,"S","0"
"1078",154,"3","male","6",">35-45","FALSE",3,"S","0"
"1079",613,"3","female","6",">35-45","FALSE",2,"Q","1"
"1080",574,"3","female","6",">35-45","FALSE",1,"Q","1"
"1085",361,"3","male","6",">35-45","FALSE",6,"S","0"
"1086",886,"3","female","6",">35-45","FALSE",6,"Q","0"
"1087",215,"3","male","6",">35-45","FALSE",1,"Q","0"
"1088",796,"2","male","6",">35-45","FALSE",1,"S","0"
"1091",471,"3","male","6",">35-45","FALSE",1,"S","0"
"1092",762,"3","male","6",">35-45","FALSE",1,"S","0"
"1095",277,"3","female","6",">35-45","FALSE",1,"S","0"
"1096",305,"3","male","6",">35-45","FALSE",1,"S","0"
"1099",109,"3","male","6",">35-45","FALSE",1,"S","0"
"1100",472,"3","male","6",">35-45","FALSE",1,"S","0"
"1103",857,"1","female","6",">35-45","FALSE",4,"S","1"
"1104",548,"2","male","6",">35-45","FALSE",1,"C","1"
"1105",273,"2","female","6",">35-45","FALSE",2,"S","1"
"1106",289,"2","male","6",">35-45","FALSE",1,"S","1"
"1107",315,"2","male","6",">35-45","FALSE",3,"S","0"
"1108",350,"3","male","6",">35-45","FALSE",1,"S","0"
"1109",441,"2","female","6",">35-45","FALSE",3,"S","1"
"1111",62,"1","female","6",">35-45","TRUE",2,"S","1"
"1112",198,"3","male","6",">35-45","FALSE",1,"S","0"
"1116",700,"3","male","6",">35-45","TRUE",1,"S","0"
"1118",774,"3","male","6",">35-45","FALSE",1,"C","0"
"1121",632,"3","male","7",">45-max(80)","FALSE",1,"S","0"
"1122",592,"1","female","7",">45-max(80)","TRUE",2,"C","1"
"1123",55,"1","male","7",">45-max(80)","TRUE",2,"C","0"
"1125",367,"1","female","7",">45-max(80)","TRUE",2,"C","1"
"1126",457,"1","male","7",">45-max(80)","TRUE",1,"S","0"
"1127",698,"3","female","7",">45-max(80)","FALSE",1,"Q","1"
"1128",482,"2","male","7",">45-max(80)","FALSE",1,"S","0"
"1129",253,"1","male","7",">45-max(80)","TRUE",1,"S","0"
"1130",178,"1","female","7",">45-max(80)","TRUE",1,"C","0"
"1131",269,"1","female","7",">45-max(80)","TRUE",3,"S","1"
"1132",125,"1","male","7",">45-max(80)","TRUE",2,"S","0"
"1133",488,"1","male","7",">45-max(80)","TRUE",1,"C","0"
"1134",169,"1","male","7",">45-max(80)","FALSE",1,"S","0"
"1135",223,"3","male","7",">45-max(80)","FALSE",1,"S","0"
"1137",93,"1","male","7",">45-max(80)","TRUE",2,"S","0"
"1138",65,"1","male","7",">45-max(80)","FALSE",1,"C","0"
"1140",296,"1","male","7",">45-max(80)","FALSE",1,"C","0"
"1142",285,"1","male","7",">45-max(80)","TRUE",1,"S","0"
"1143",797,"1","female","7",">45-max(80)","TRUE",1,"S","1"
"1144",204,"3","male","7",">45-max(80)","FALSE",1,"C","0"
"1146",224,"3","male","7",">45-max(80)","FALSE",1,"S","0"
"1147",301,"3","female","7",">45-max(80)","FALSE",1,"Q","1"
"1148",156,"1","male","7",">45-max(80)","FALSE",2,"C","0"
"1149",670,"1","female","7",">45-max(80)","TRUE",2,"S","1"
"1151",197,"3","male","7",">45-max(80)","FALSE",1,"Q","0"
"1152",281,"3","male","7",">45-max(80)","FALSE",1,"Q","0"
"1153",429,"3","male","7",">45-max(80)","FALSE",1,"Q","0"
"1154",175,"1","male","7",">45-max(80)","TRUE",1,"C","0"
"1155",484,"3","female","7",">45-max(80)","FALSE",1,"S","1"
"1157",648,"1","male","7",">45-max(80)","TRUE",1,"C","1"
"1158",746,"1","male","7",">45-max(80)","TRUE",2,"S","0"
"1159",167,"1","female","7",">45-max(80)","TRUE",2,"S","1"
"1160",450,"1","male","7",">45-max(80)","TRUE",1,"S","1"
"1162",117,"3","male","7",">45-max(80)","FALSE",1,"Q","0"
"1164",737,"3","female","7",">45-max(80)","FALSE",5,"S","0"
"1165",454,"1","male","7",">45-max(80)","TRUE",2,"C","1"
"1167",673,"2","male","7",">45-max(80)","FALSE",1,"S","0"
"1168",497,"1","female","7",">45-max(80)","TRUE",2,"C","1"
"1169",95,"3","male","7",">45-max(80)","FALSE",1,"S","0"
"1170",863,"1","female","7",">45-max(80)","TRUE",1,"S","1"
"1174",463,"1","male","7",">45-max(80)","TRUE",1,"S","0"
"1176",588,"1","male","7",">45-max(80)","TRUE",2,"C","1"
"1177",790,"1","male","7",">45-max(80)","TRUE",2,"C","0"
"1179",631,"1","male","7",">45-max(80)","TRUE",1,"S","1"
"1180",376,"1","female","7",">45-max(80)","FALSE",2,"C","1"
"1181",713,"1","male","7",">45-max(80)","TRUE",2,"S","1"
"1183",715,"2","male","7",">45-max(80)","FALSE",2,"S","0"
"1184",300,"1","female","7",">45-max(80)","TRUE",3,"C","1"
"1186",557,"1","female","7",">45-max(80)","TRUE",1,"C","1"
"1188",600,"1","male","7",">45-max(80)","TRUE",2,"C","1"
"1189",34,"2","male","7",">45-max(80)","FALSE",1,"S","0"
"1192",724,"2","male","7",">45-max(80)","FALSE",1,"S","0"
"1193",872,"1","female","7",">45-max(80)","TRUE",2,"S","1"
"1194",646,"1","male","7",">45-max(80)","TRUE",3,"C","1"
"1195",766,"1","female","7",">45-max(80)","TRUE",3,"S","1"
"1196",660,"1","male","7",">45-max(80)","TRUE",3,"C","0"
"1197",458,"1","female","7",">45-max(80)","TRUE",2,"S","1"
"1198",772,"3","male","7",">45-max(80)","FALSE",1,"S","0"
"1200",852,"3","male","7",">45-max(80)","FALSE",1,"S","0"
"1201",571,"2","male","7",">45-max(80)","FALSE",1,"S","1"
"1202",494,"1","male","7",">45-max(80)","FALSE",1,"C","0"
"1204",7,"1","male","7",">45-max(80)","TRUE",2,"S","0"
"1205",858,"1","male","7",">45-max(80)","TRUE",1,"S","1"
"1207",699,"1","male","7",">45-max(80)","TRUE",4,"C","0"
"1208",53,"1","female","7",">45-max(80)","TRUE",3,"C","1"
"1209",874,"3","male","7",">45-max(80)","FALSE",1,"S","0"
"1211",583,"2","male","7",">45-max(80)","FALSE",2,"S","0"
"1212",461,"1","male","7",">45-max(80)","TRUE",1,"S","1"
"1213",260,"2","female","7",">45-max(80)","FALSE",2,"S","1"
"1215",626,"1","male","7",">45-max(80)","TRUE",1,"S","0"
"1216",263,"1","male","7",">45-max(80)","TRUE",3,"S","0"
"1217",830,"1","female","7",">45-max(80)","TRUE",2,"S","1"
"1219",508,"1","male","7",">45-max(80)","FALSE",1,"S","1"
"1220",468,"1","male","7",">45-max(80)","FALSE",1,"S","0"
"1222",685,"2","male","7",">45-max(80)","FALSE",3,"S","0"
"1223",483,"3","male","7",">45-max(80)","FALSE",1,"S","0"
"1225",598,"3","male","7",">45-max(80)","FALSE",4,"S","0"
"1226",476,"1","male","7",">45-max(80)","TRUE",2,"S","0"
"1228",111,"1","male","7",">45-max(80)","TRUE",2,"S","0"
"1231",276,"1","female","7",">45-max(80)","TRUE",3,"S","1"
"1232",196,"1","female","7",">45-max(80)","TRUE",3,"C","1"
"1235",133,"3","female","7",">45-max(80)","FALSE",2,"S","0"
"1236",710,"3","male","7",">45-max(80)","FALSE",3,"C","1"
"1237",821,"1","female","7",">45-max(80)","TRUE",4,"S","1"
"1238",661,"1","male","7",">45-max(80)","FALSE",2,"S","1"
"1240",407,"3","male","7",">45-max(80)","FALSE",1,"S","0"
"1241",826,"3","male","7",">45-max(80)","FALSE",1,"Q","0"
"1242",773,"2","female","7",">45-max(80)","TRUE",2,"S","0"
"1243",493,"1","male","7",">45-max(80)","TRUE",1,"S","0"
"1244",775,"2","female","7",">45-max(80)","FALSE",2,"S","1"
"1245",414,"2","male","7",">45-max(80)","FALSE",3,"S","0"
"1247",12,"1","female","7",">45-max(80)","TRUE",1,"S","1"
"1249",171,"1","male","7",">45-max(80)","TRUE",1,"S","0"
"1253",663,"1","male","7",">45-max(80)","TRUE",1,"S","0"
"1256",464,"2","male","7",">45-max(80)","FALSE",1,"S","0"
"1257",546,"1","male","7",">45-max(80)","FALSE",1,"S","0"
"1258",587,"2","male","7",">45-max(80)","FALSE",1,"S","0"
"1259",467,"2","male","7",">45-max(80)","FALSE",3,"S","0"
"1262",695,"1","male","7",">45-max(80)","FALSE",1,"S","0"
"1263",696,"2","male","7",">45-max(80)","FALSE",1,"S","0"
"1265",435,"1","male","7",">45-max(80)","TRUE",2,"S","0"
"1266",556,"1","male","7",">45-max(80)","FALSE",1,"S","0"
"1267",527,"2","female","7",">45-max(80)","FALSE",1,"S","1"
"1268",516,"1","male","7",">45-max(80)","TRUE",1,"S","0"
"1269",32,"1","female","7",">45-max(80)","TRUE",3,"C","1"
"1271",318,"2","male","7",">45-max(80)","FALSE",1,"S","0"
"1274",398,"2","male","7",">45-max(80)","FALSE",2,"S","0"
"1275",97,"1","male","7",">45-max(80)","TRUE",1,"C","0"
"1276",18,"2","male","7",">45-max(80)","FALSE",1,"S","1"
"1281",332,"1","male","7",">45-max(80)","TRUE",1,"S","0"
"1282",327,"3","male","7",">45-max(80)","FALSE",1,"S","0"
"1283",251,"3","male","7",">45-max(80)","FALSE",1,"S","0"
"1284",755,"2","female","7",">45-max(80)","FALSE",5,"S","1"
"1285",233,"2","male","7",">45-max(80)","FALSE",1,"S","0"
"1287",593,"3","male","7",">45-max(80)","FALSE",1,"S","0"
"1289",545,"1","male","7",">45-max(80)","TRUE",3,"C","0"
"1290",110,"3","female","7",">45-max(80)","FALSE",3,"Q","1"
"1291",16,"2","female","7",">45-max(80)","FALSE",1,"S","1"
"1294",627,"2","male","7",">45-max(80)","FALSE",1,"Q","0"
"1295",439,"1","male","7",">45-max(80)","TRUE",6,"S","0"
"1300",532,"3","male","7",">45-max(80)","FALSE",1,"C","0"
"1301",514,"1","female","7",">45-max(80)","FALSE",2,"C","1"
"1303",880,"1","female","7",">45-max(80)","TRUE",3,"C","1"
"1304",151,"2","male","7",">45-max(80)","FALSE",1,"S","0"
"1305",572,"1","female","7",">45-max(80)","TRUE",2,"S","1"
"1306",459,"2","female","7",">45-max(80)","FALSE",1,"S","1"
"1308",250,"2","male","7",">45-max(80)","FALSE",2,"S","0"
"1309",153,"3","male","7",">45-max(80)","FALSE",1,"S","0"
